{
  "step_qonnx_to_finn": 2.7179718017578125e-05,
  "step_tidy_up": 0.05486249923706055,
  "step_streamline": 0.950427770614624,
  "step_convert_to_hls": 0.02051854133605957,
  "step_create_dataflow_partition": 0.0032563209533691406,
  "step_target_fps_parallelization": 0.01877450942993164,
  "step_apply_folding_config": 6.67572021484375e-06,
  "step_minimize_bit_width": 0.12408995628356934,
  "step_generate_estimate_reports": 4.291534423828125e-06,
  "step_hls_codegen": 1.8065764904022217,
  "step_hls_ipgen": 427.3392663002014,
  "step_set_fifo_depths": 1116.9128127098083,
  "step_create_stitched_ip": 1.33514404296875e-05,
  "step_measure_rtlsim_performance": 4.0531158447265625e-06,
  "step_out_of_context_synthesis": 1.9073486328125e-06,
  "step_synthesize_bitfile": 1608.6474449634552,
  "step_make_pynq_driver": 0.05572962760925293,
  "step_deployment_package": 0.00538182258605957
}